<?xml version="1.0" encoding="UTF-8"?>
<facelet-taglib
    xmlns="http://java.sun.com/xml/ns/javaee"
    xmlns:xsi="http://www.w3.org/2001/XMLSchema-instance"
    xsi:schemaLocation="http://java.sun.com/xml/ns/javaee http://java.sun.com/xml/ns/javaee/web-facelettaglibrary_2_0.xsd"
    version="2.0">
    <!-- コード変換を行うユーティリティクラスをFACELETS_LIBRARIESに登録するための設定を追加 -->
    <namespace>http://demo.jsf.com/custom</namespace>
    <function>
        <function-name>getSexValue</function-name>
        <function-class>common.CodeConvUtil</function-class>
        <function-signature>java.lang.String getSexValue(java.lang.String)</function-signature>
    </function>
</facelet-taglib>
