<?xml version="1.0" encoding="UTF-8" ?>
<!DOCTYPE mapper
        PUBLIC "-//mybatis.org//DTD Mapper 3.0//EN"
        "http://mybatis.org/dtd/mybatis-3-mapper.dtd">
<mapper namespace="com.example.demo.mapper.ora.UserDataMapperOra">
    <resultMap id="userDataResultMap" type="com.example.demo.mapper.UserData" >
        <id column="id" property="id" jdbcType="BIGINT" />
        <result column="name" property="name" jdbcType="VARCHAR" />
        <result column="birthY" property="birthY" jdbcType="VARCHAR" />
        <result column="birthM" property="birthM" jdbcType="VARCHAR" />
        <result column="birthD" property="birthD" jdbcType="VARCHAR" />
        <result column="sex" property="sex" jdbcType="VARCHAR" />
        <result column="memo" property="memo" jdbcType="VARCHAR" />
        <result column="sex_value" property="sex_value" jdbcType="VARCHAR" />
    </resultMap>
    <select id="findAll" resultMap="userDataResultMap">
        SELECT
              id
            , name
            , birth_year as birthY
            , birth_month as birthM
            , birth_day as birthD
            , sex
            , memo
            , CASE sex
              WHEN '1' THEN '男'
              WHEN '2' THEN '女'
              ELSE ''
              END AS sex_value
        FROM USER_DATA
    </select>
    <update id="truncateUserData">
        TRUNCATE TABLE USER_DATA
    </update>
</mapper>