<?xml version="1.0" encoding="UTF-8"?>
<faces-config
    xmlns="http://xmlns.jcp.org/xml/ns/javaee"
    xmlns:xsi="http://www.w3.org/2001/XMLSchema-instance"
    xsi:schemaLocation="http://xmlns.jcp.org/xml/ns/javaee http://xmlns.jcp.org/xml/ns/javaee/web-facesconfig_2_2.xsd"
    version="2.2">

    <!-- 入力画面から確認画面への遷移 -->
    <!-- ただし、リダイレクトさせるために、redirectタグを追加 -->
    <navigation-rule>
        <from-view-id>/input.xhtml</from-view-id>
        <navigation-case>
            <from-outcome>confirm</from-outcome>
            <to-view-id>/confirm.xhtml</to-view-id>
            <redirect/>
        </navigation-case>
    </navigation-rule>

    <!-- 確認画面から完了画面・入力画面への遷移 -->
    <!-- ただし、リダイレクトさせるために、redirectタグを追加 -->
    <navigation-rule>
        <from-view-id>/confirm.xhtml</from-view-id>
        <navigation-case>
            <from-outcome>send</from-outcome>
            <to-view-id>/complete.xhtml</to-view-id>
            <redirect/>
        </navigation-case>
        <navigation-case>
            <from-outcome>back</from-outcome>
            <to-view-id>/input.xhtml</to-view-id>
            <redirect/>
        </navigation-case>
    </navigation-rule>

    <!-- サポートしている言語を日本語に指定 -->
    <application>
        <locale-config>
            <default-locale>ja_JP</default-locale>
            <supported-locale>ja</supported-locale>
            <supported-locale>ja_JP</supported-locale>
        </locale-config>
    </application>

</faces-config>
